{"r_squared_train": 0.8756015300750732, "mse_train": 0.011030024848878384, "rmse_train": 0.10502392798662186, "r_squared_test": 0.7717803716659546, "mse_test": 0.01881871186196804, "rmse_test": 0.13718131184577942}